{"cameraMode":{"drawMode":0,"name":"Shaded","section":"Shading Mode"},"sceneLighting":false,"audioPlay":false,"sceneViewState":{"m_AlwaysRefresh":false,"showFog":true,"showSkybox":false,"showFlares":true,"showImageEffects":true,"showParticleSystems":true,"showVisualEffectGraphs":true,"m_FxEnabled":true},"in2DMode":false,"pivot":{"x":0.2019992470741272,"y":1.0390355587005616,"z":0.5244389772415161},"rotation":{"x":0.4492133855819702,"y":-0.006700598169118166,"z":0.0033691497519612314,"w":0.8933941125869751},"size":2.2050552368164064,"orthographic":true}