{"cameraMode":{"drawMode":0,"name":"Shaded","section":"Shading Mode"},"sceneLighting":false,"audioPlay":false,"sceneViewState":{"m_AlwaysRefresh":false,"showFog":true,"showSkybox":true,"showFlares":true,"showImageEffects":true,"showParticleSystems":true,"showVisualEffectGraphs":true,"m_FxEnabled":true},"in2DMode":false,"pivot":{"x":29.385374069213868,"y":1.1411480903625489,"z":-7.085979461669922},"rotation":{"x":0.2707574665546417,"y":0.08936726301908493,"z":-0.025256911292672159,"w":0.9581677317619324},"size":4.054043769836426,"orthographic":true}