{"cameraMode":{"drawMode":0,"name":"Shaded","section":"Shading Mode"},"sceneLighting":false,"audioPlay":false,"sceneViewState":{"showFog":true,"showMaterialUpdate":false,"showSkybox":false,"showFlares":true,"showImageEffects":true,"showParticleSystems":true},"in2DMode":false,"pivot":{"x":25.797889709472658,"y":1.8388972282409669,"z":-7.445156097412109},"rotation":{"x":-0.15145961940288545,"y":-0.8147407174110413,"z":0.2453804910182953,"w":-0.5031324028968811},"size":9.888288497924805,"orthographic":true}