{"cameraMode":{"drawMode":0,"name":"Shaded","section":"Shading Mode"},"sceneLighting":false,"audioPlay":false,"sceneViewState":{"showFog":true,"showMaterialUpdate":false,"showSkybox":false,"showFlares":true,"showImageEffects":true,"showParticleSystems":true},"in2DMode":false,"pivot":{"x":602.7000122070313,"y":380.70001220703127,"z":0.0},"rotation":{"x":-0.021504314616322519,"y":-0.09434036165475846,"z":-0.002045399509370327,"w":0.9953250885009766},"size":233.34524536132813,"orthographic":true}