{"cameraMode":{"drawMode":0,"name":"Shaded","section":"Shading Mode"},"sceneLighting":false,"audioPlay":false,"sceneViewState":{"showFog":true,"showMaterialUpdate":false,"showSkybox":false,"showFlares":true,"showImageEffects":true,"showParticleSystems":true},"in2DMode":false,"pivot":{"x":959.9999389648438,"y":550.800048828125,"z":0.0},"rotation":{"x":0.06533125042915344,"y":-0.025445763021707536,"z":0.001650943886488676,"w":0.9975599050521851},"size":181.04330444335938,"orthographic":true}