{"cameraMode":{"drawMode":0,"name":"Shaded","section":"Shading Mode"},"sceneLighting":false,"audioPlay":false,"sceneViewState":{"showFog":true,"showMaterialUpdate":false,"showSkybox":false,"showFlares":true,"showImageEffects":true,"showParticleSystems":true},"in2DMode":false,"pivot":{"x":4.395541191101074,"y":1.3768455982208253,"z":-5.284334659576416},"rotation":{"x":-0.1169847846031189,"y":-0.1034940779209137,"z":0.01227524783462286,"w":-0.9876734614372253},"size":3.8431129455566408,"orthographic":true}