{"cameraMode":{"drawMode":0,"name":"Shaded","section":"Shading Mode"},"sceneLighting":false,"audioPlay":false,"sceneViewState":{"showFog":true,"showMaterialUpdate":false,"showSkybox":false,"showFlares":true,"showImageEffects":true,"showParticleSystems":true},"in2DMode":false,"pivot":{"x":962.583984375,"y":528.724609375,"z":13.296875},"rotation":{"x":-0.021504314616322519,"y":-0.09434036165475846,"z":-0.002045399509370327,"w":0.9953250885009766},"size":129.87759399414063,"orthographic":true}