{"cameraMode":{"drawMode":0,"name":"Shaded","section":"Shading Mode"},"sceneLighting":false,"audioPlay":false,"sceneViewState":{"showFog":true,"showMaterialUpdate":false,"showSkybox":false,"showFlares":true,"showImageEffects":true,"showParticleSystems":true},"in2DMode":false,"pivot":{"x":4.678348541259766,"y":1.031407356262207,"z":-1.8768506050109864},"rotation":{"x":0.18982629477977754,"y":-0.15683118999004365,"z":0.03073023073375225,"w":0.9687399864196777},"size":4.816592216491699,"orthographic":true}