{"cameraMode":{"drawMode":0,"name":"Shaded","section":"Shading Mode"},"sceneLighting":false,"audioPlay":false,"sceneViewState":{"showFog":true,"showMaterialUpdate":false,"showSkybox":false,"showFlares":true,"showImageEffects":true,"showParticleSystems":true},"in2DMode":false,"pivot":{"x":602.7000122070313,"y":380.70001220703127,"z":0.0},"rotation":{"x":0.09067825227975846,"y":-0.21485736966133119,"z":0.02003953978419304,"w":0.9722214341163635},"size":233.34524536132813,"orthographic":true}