{"cameraMode":{"drawMode":0,"name":"Shaded","section":"Shading Mode"},"sceneLighting":false,"audioPlay":false,"sceneViewState":{"showFog":true,"showMaterialUpdate":false,"showSkybox":false,"showFlares":true,"showImageEffects":true,"showParticleSystems":true},"in2DMode":false,"pivot":{"x":12.567000389099121,"y":0.2605845332145691,"z":1.6044000387191773},"rotation":{"x":0.34915655851364138,"y":0.17012649774551392,"z":-0.06461324542760849,"w":0.9192389249801636},"size":2.48683500289917,"orthographic":true}